file_id,file_name,timestamp
file-EYg1ZpzZZvyYXs6dX7adYP,2025-03-03 10:00:00,2025-03-03 10:00:00
file-R9YjDKAD55HiaFyHD6sFCM,2025-03-03 10:00:00,2025-03-03 10:00:00
file-36UWTpzuCNaRT7HJrE3rLD,2025-03-03 10:00:00,2025-03-03 10:00:00
file-M37FK1HCDppQH1pjMiE1XS,2025-03-03 10:00:00,2025-03-03 10:00:00
file-B7cV47tcEC8zwMKESSgXdt,2025-03-03 10:00:00,2025-03-03 10:00:00
file-6erWmfWa1ccRvqmSBKLAkU,2025-03-03 10:00:00,2025-03-03 10:00:00
file-9f6PGtnnuU8DY5JKFqbGKn,2025-03-03 10:00:00,2025-03-03 10:00:00
file-Edv5kNxWWU3jLZ3XrsVmhx,2025-03-03 10:00:00,2025-03-03 10:00:00
file-JZhgddcDk1RsGHn2enNxSg,2025-03-03 10:00:00,2025-03-03 10:00:00
file-BSHtSKigyhUJWXswtN9z7o,2025-03-03 10:00:00,2025-03-03 10:00:00
file-5v8aJnkvypyxXb5EBQ81xk,2025-03-03 10:00:00,2025-03-03 10:00:00
file-6TiB1V1E2mBaYrFXp1toNm,2025-03-03 10:00:00,2025-03-03 10:00:00
file-Ngre85rrQfkfvTdTRxjEkX,2025-03-03 10:00:00,2025-03-03 10:00:00
file-B7CphxcmSqohmtvzvqhxry,2025-03-03 10:00:00,2025-03-03 10:00:00
file-4ufkyD1E8tQrTJ28bk7hTn,2025-03-03 10:00:00,2025-03-03 10:00:00
file-NAbxmN279paKeecAQNBDdR,2025-03-03 10:00:00,2025-03-03 10:00:00
file-SW4zyVrngnf8EEdznAUHbR,2025-03-03 10:00:00,2025-03-03 10:00:00
file-M2GPPDpTxWnTfpfoNLXqzQ,2025-03-03 10:00:00,2025-03-03 10:00:00
file-2UoffjUnDL48jJXG3K1rw6,2025-03-03 10:00:00,2025-03-03 10:00:00
file-5cW7o4HRU9BSfbNURfRXzP,2025-03-03 10:00:00,2025-03-03 10:00:00
file-CJdDErXGWruvQLdQCvhWTo,2025-03-03 10:00:00,2025-03-03 10:00:00
file-XRD7nm7vC8hhxirx7nXYcB,2025-03-03 10:00:00,2025-03-03 10:00:00
file-XP5cMEeKbBbf4Xopediwda,2025-03-03 10:00:00,2025-03-03 10:00:00
file-C6Y6GVXJcRRCqdaqhb8UDL,2025-03-03 10:00:00,2025-03-03 10:00:00